USE KruzeAutoDB;

INSERT INTO [Users]([UserID],[Email],[UserName],[Password],[PhoneNumber],[CreationDate],[Subscribed])
VALUES('561FC9B6-74AB-D604-337F-3D83F8504E01','neagucristianstefan@yahoo.com','neagucristianstefan','UMT365','0765537186','1998-05-10T13:23:38-07:00','1');
INSERT INTO [Users]([UserID],[Email],[UserName],[Password],[PhoneNumber],[CreationDate],[Subscribed]) 
VALUES('E5C24E7A-A819-1E62-E37C-0700402A1B8C','felis.ullamcorper.viverra@Suspendissenonleo.edu','felis.ullamcorper.viverra','vivera123','0762561832','1996-07-13T07:39:13-07:00','');
INSERT INTO [Users]([UserID],[Email],[UserName],[Password],[PhoneNumber],[CreationDate],[Subscribed]) 
VALUES('CEBF5C68-9DAB-3590-3E11-E01DFEE0CAB7','morarioan923@yahoo.com','morarioan923','morarsp934','07863249537','1993-01-04T04:16:43-08:00','');
INSERT INTO [Users]([UserID],[Email],[UserName],[Password],[PhoneNumber],[CreationDate],[Subscribed]) 
VALUES('6DEB815A-5F4B-D7A5-8571-168AB1DA8E67','neica_star@yahoo.ro','neica_star','neiculita84','0753418654','2002-07-10T13:21:38-09:00','1');
INSERT INTO [Users]([UserID],[Email],[UserName],[Password],[PhoneNumber],[CreationDate],[Subscribed]) 
VALUES('7FF26F6F-CA03-FD5B-993C-CB0F2FD6F9B8','Rafa.calin@gmail.com','Rafa.calin','rafazor94','04625996555','2012-09-10T13:20:31-01:00','1');
INSERT INTO [Users]([UserID],[Email],[UserName],[Password],[PhoneNumber],[CreationDate],[Subscribed]) 
VALUES('5588EDAA-8B4A-21EC-6E09-AC366C60BE28','morena_morena@yahoo.com','morena_morena45','mora99','078246328','1996-11-19T09:51:15-08:00','');
INSERT INTO [Users]([UserID],[Email],[UserName],[Password],[PhoneNumber],[CreationDate],[Subscribed]) 
VALUES('07C379FB-E86E-672E-2AEF-A51D972B23DD','nelutu.grigoreln@yahoo.com','nelutu.grigoreln','UMT365','076558716','2007-06-10T13:23:38-07:00','1');
INSERT INTO [Users]([UserID],[Email],[UserName],[Password],[PhoneNumber],[CreationDate],[Subscribed]) 
VALUES('6744521B-D152-D609-73CB-BC6FDABD82E8','spantil.core@yahoo.com','spantil.core','mospalc2345','0765537169','2008-07-10T13:23:38-07:00','');
INSERT INTO [Users]([UserID],[Email],[UserName],[Password],[PhoneNumber],[CreationDate],[Subscribed]) 
VALUES('A1685337-572A-497B-0D73-1384E453D3B4','nevermind_98@gmail.com','nevermind_98','laponia12','0765537126','2012-05-10T13:23:38-07:00','1');
INSERT INTO [Users]([UserID],[Email],[UserName],[Password],[PhoneNumber],[CreationDate],[Subscribed]) 
VALUES('978211D7-76EB-B5E4-C14B-CFDD78BF0AF2','alandala.boca@yahoo.com','alandala.boca','sinclaire903','0765556345','2013-05-10T13:23:38-07:00','1');
INSERT INTO [Users]([UserID],[Email],[UserName],[Password],[PhoneNumber],[CreationDate],[Subscribed]) 
VALUES('1BE0C12A-3373-39BC-3B0A-CC02396D03CB','havana_club@yahoo.com','havana_club','lone034','0765111223','2014-05-10T13:23:38-07:00','1');
INSERT INTO [Users]([UserID],[Email],[UserName],[Password],[PhoneNumber],[CreationDate],[Subscribed]) 
VALUES('73A64F90-0611-E35E-BB36-A1950794B2B1','rotviler100@@gmail.com','rotviler100','romaz932','07651186366','2015-05-10T13:23:38-07:00','');
INSERT INTO [Users]([UserID],[Email],[UserName],[Password],[PhoneNumber],[CreationDate],[Subscribed]) 
VALUES('ADDDFE06-A8BE-A3D5-F2DD-5164F385C21C','sandriver_94@yahoo.com','sandriver_94','spirt94','0765314965','2016-03-10T13:23:38-07:00','');
INSERT INTO [Users]([UserID],[Email],[UserName],[Password],[PhoneNumber],[CreationDate],[Subscribed]) 
VALUES('D6877042-4394-7D9C-0790-1F4BC4A88722','miculas_ionel@gmail.com','miculas_ionel','revo29','0765537155','2017-05-10T13:23:38-07:00','');
INSERT INTO [Users]([UserID],[Email],[UserName],[Password],[PhoneNumber],[CreationDate],[Subscribed]) 
VALUES('FE1B7EFD-571A-DEAA-4513-DB413054A827','serin.tatone@yahoo.ro','serin.tatone','Usam','0765167186','2012-05-10T13:23:38-07:00','1');

INSERT INTO [UserLocation]([UserID],[Country],[County],[City]) VALUES('561FC9B6-74AB-D604-337F-3D83F8504E01','Romania','Cluj','ClujNapoca');
INSERT INTO [UserLocation]([UserID],[Country],[County],[City]) VALUES('E5C24E7A-A819-1E62-E37C-0700402A1B8C','Romania','Timis','Timisoara');
INSERT INTO [UserLocation]([UserID],[Country],[County],[City]) VALUES('CEBF5C68-9DAB-3590-3E11-E01DFEE0CAB7','Romania','Gorj','Targu Jiu');
INSERT INTO [UserLocation]([UserID],[Country],[County],[City]) VALUES('6DEB815A-5F4B-D7A5-8571-168AB1DA8E67','Romania','Bistrita Nasaud','Bistrita');
INSERT INTO [UserLocation]([UserID],[Country],[County],[City]) VALUES('7FF26F6F-CA03-FD5B-993C-CB0F2FD6F9B8','Romania','Cluj','ClujNapoca');
INSERT INTO [UserLocation]([UserID],[Country],[County],[City]) VALUES('5588EDAA-8B4A-21EC-6E09-AC366C60BE28','Romania','Tulcea','Tulcea');
INSERT INTO [UserLocation]([UserID],[Country],[County],[City]) VALUES('07C379FB-E86E-672E-2AEF-A51D972B23DD','Romania','Cluj','ClujNapoca');
INSERT INTO [UserLocation]([UserID],[Country],[County],[City]) VALUES('6744521B-D152-D609-73CB-BC6FDABD82E8','Romania','Cluj','ClujNapoca');
INSERT INTO [UserLocation]([UserID],[Country],[County],[City]) VALUES('A1685337-572A-497B-0D73-1384E453D3B4','Romania','Hunedoara','Orastie');
INSERT INTO [UserLocation]([UserID],[Country],[County],[City]) VALUES('978211D7-76EB-B5E4-C14B-CFDD78BF0AF2','Romania','Cluj','ClujNapoca');
INSERT INTO [UserLocation]([UserID],[Country],[County],[City]) VALUES('1BE0C12A-3373-39BC-3B0A-CC02396D03CB','Romania','Cluj','ClujNapoca');
INSERT INTO [UserLocation]([UserID],[Country],[County],[City]) VALUES('73A64F90-0611-E35E-BB36-A1950794B2B1','Romania','Hunedoara','Deva');
INSERT INTO [UserLocation]([UserID],[Country],[County],[City]) VALUES('ADDDFE06-A8BE-A3D5-F2DD-5164F385C21C','Romania','Cluj','ClujNapoca');
INSERT INTO [UserLocation]([UserID],[Country],[County],[City]) VALUES('D6877042-4394-7D9C-0790-1F4BC4A88722','Romania','Salaj','Jibou');
INSERT INTO [UserLocation]([UserID],[Country],[County],[City]) VALUES('FE1B7EFD-571A-DEAA-4513-DB413054A827','Romania','Cluj','ClujNapoca');

INSERT INTO [Options]([OptionsID],[4x4],[ABS],[AdaptiveCruiseControl],[AdaptiveLighting],[AlcantaraSeats],[AutomaticAirConditioning],[BlindSpotMonitor],
[Bluetooth],[CDPlayer],[CentralLocking],[CollisionAvoidanceSystem],[CruiseControl],[DaytimeRunningLights],[ESP],[ElectricHeatedSeats],
[ElectricSeatAdjustment],[ElectricSideMirror],[ElectricWindows],[FogLamp],[FrontParkingSensor],[KeylessEntry],[LEDHeadlight],[LaserHeadlight],
[LightSensor],[NavigationSystem],[OnBoardComputer],[ParticulateFilter],[RainSensor],[RearCamera],[RearParkingSensor],[SelfSteeringSystem],
[SportSeats],[StartStopSystem],[Sunroof],[TractionControl],[TunerAudio],[VentilatedSeats],[XenonHeadlights])
VALUES ('a2a438fd-065f-49ce-9e05-58d7d4968afc',1,1,1,1,1,1,1,1,1,1,1,1,1,1,1,1,1,1,1,1,1,1,1,1,1,1,1,1,1,1,1,1,1,1,1,0,0,1);

INSERT INTO [CarsAnnoucements]([AnnoucementsID],[UserID],[OptionsID],[Views],[Promoted],[Active],[CreationDate],[Update],
[Condition],[Title],[Brand],[Model],[Type],[Kilometer],[FabricationYear],[VIN],[FuelType],[Price],
[NegociablePrice],[Currency],[Color],[ColorType],[Power],[Transmission],[CubicCapacity],[EmissionClass],[Description])
VALUES('9E5060AB-E64C-4E3A-DC3F-5C5B627FB6C2','561FC9B6-74AB-D604-337F-3D83F8504E01','a2a438fd-065f-49ce-9e05-58d7d4968afc',
2,'1','1','2017-05-10T13:23:38-07:00','2017-05-10T13:23:38-07:00','New','BMW M4 450HP','BMW','M4','Coupe',
100000,2014,'WDDKK7CF6BF088425','Petrol',22000,'1','EUR','Blue','Metalic',450,'Automatic',2979,'Euro6','Descriere Vehicul de test');


INSERT INTO [Options]([OptionsID],[4x4],[ABS],[AdaptiveCruiseControl],[AdaptiveLighting],[AlcantaraSeats],[AutomaticAirConditioning],[BlindSpotMonitor],
[Bluetooth],[CDPlayer],[CentralLocking],[CollisionAvoidanceSystem],[CruiseControl],[DaytimeRunningLights],[ESP],[ElectricHeatedSeats],
[ElectricSeatAdjustment],[ElectricSideMirror],[ElectricWindows],[FogLamp],[FrontParkingSensor],[KeylessEntry],[LEDHeadlight],[LaserHeadlight],
[LightSensor],[NavigationSystem],[OnBoardComputer],[ParticulateFilter],[RainSensor],[RearCamera],[RearParkingSensor],[SelfSteeringSystem],
[SportSeats],[StartStopSystem],[Sunroof],[TractionControl],[TunerAudio],[VentilatedSeats],[XenonHeadlights])
VALUES ('325fb148-84c2-4e7e-b71f-ea8513536664',1,1,1,1,1,1,1,1,1,1,1,1,1,1,1,1,1,1,1,1,1,1,1,1,1,1,1,1,1,1,1,1,1,1,1,0,0,1);

INSERT INTO [CarsAnnoucements]([AnnoucementsID],[UserID],[OptionsID],[Views],[Promoted],[Active],[CreationDate],[Update],
[Condition],[Title],[Brand],[Model],[Type],[Kilometer],[FabricationYear],[VIN],[FuelType],[Price],
[NegociablePrice],[Currency],[Color],[ColorType],[Power],[Transmission],[CubicCapacity],[EmissionClass],[Description])
VALUES('b5b219cc-2908-4b81-aafd-795c49c67cc4','E5C24E7A-A819-1E62-E37C-0700402A1B8C','325fb148-84c2-4e7e-b71f-ea8513536664',
2,'1','1','2017-05-10T13:23:38-07:00','2017-05-10T13:23:38-07:00','New','BMW ','BMW','3 series','Coupe',
150000,2010,'WDDKK7CF6BF088425','Petrol',19000,'1','EUR','Blue','Metalic',180,'Automatic',2000,'Euro5','Descriere Vehicul de test');


INSERT INTO [Options]([OptionsID],[4x4],[ABS],[AdaptiveCruiseControl],[AdaptiveLighting],[AlcantaraSeats],[AutomaticAirConditioning],[BlindSpotMonitor],
[Bluetooth],[CDPlayer],[CentralLocking],[CollisionAvoidanceSystem],[CruiseControl],[DaytimeRunningLights],[ESP],[ElectricHeatedSeats],
[ElectricSeatAdjustment],[ElectricSideMirror],[ElectricWindows],[FogLamp],[FrontParkingSensor],[KeylessEntry],[LEDHeadlight],[LaserHeadlight],
[LightSensor],[NavigationSystem],[OnBoardComputer],[ParticulateFilter],[RainSensor],[RearCamera],[RearParkingSensor],[SelfSteeringSystem],
[SportSeats],[StartStopSystem],[Sunroof],[TractionControl],[TunerAudio],[VentilatedSeats],[XenonHeadlights])
VALUES ('9e5a330f-5869-4f19-a15f-026efa360b56',1,1,1,1,1,1,1,1,1,1,1,1,1,1,1,1,1,1,1,1,1,1,1,1,1,1,1,1,1,1,1,1,1,1,1,0,0,1);

INSERT INTO [CarsAnnoucements]([AnnoucementsID],[UserID],[OptionsID],[Views],[Promoted],[Active],[CreationDate],[Update],
[Condition],[Title],[Brand],[Model],[Type],[Kilometer],[FabricationYear],[VIN],[FuelType],[Price],
[NegociablePrice],[Currency],[Color],[ColorType],[Power],[Transmission],[CubicCapacity],[EmissionClass],[Description])
VALUES('5b2cfcce-59e4-467c-93e1-2b312366f4c6','E5C24E7A-A819-1E62-E37C-0700402A1B8C','9e5a330f-5869-4f19-a15f-026efa360b56',
158,'1','1','2017-05-10T13:23:38-07:00','2017-05-10T13:23:38-07:00','New','Mercedes Benz e klase','Mercedes Benz','e 220','sedan',
200000,2012,'WDDKK7CF6BF088425','Petrol',22000,'1','EUR','Blue','Metalic',205,'Automatic',2200,'Euro6','Descriere Vehicul de test');


INSERT INTO [Options]([OptionsID],[4x4],[ABS],[AdaptiveCruiseControl],[AdaptiveLighting],[AlcantaraSeats],[AutomaticAirConditioning],[BlindSpotMonitor],
[Bluetooth],[CDPlayer],[CentralLocking],[CollisionAvoidanceSystem],[CruiseControl],[DaytimeRunningLights],[ESP],[ElectricHeatedSeats],
[ElectricSeatAdjustment],[ElectricSideMirror],[ElectricWindows],[FogLamp],[FrontParkingSensor],[KeylessEntry],[LEDHeadlight],[LaserHeadlight],
[LightSensor],[NavigationSystem],[OnBoardComputer],[ParticulateFilter],[RainSensor],[RearCamera],[RearParkingSensor],[SelfSteeringSystem],
[SportSeats],[StartStopSystem],[Sunroof],[TractionControl],[TunerAudio],[VentilatedSeats],[XenonHeadlights])
VALUES ('f3db1923-08e5-4573-a36c-e1b5efbbc66c',1,1,1,1,1,1,1,1,1,1,1,1,1,1,1,1,1,1,1,1,1,1,1,1,1,1,1,1,1,1,1,1,1,1,1,0,0,1);

INSERT INTO [CarsAnnoucements]([AnnoucementsID],[UserID],[OptionsID],[Views],[Promoted],[Active],[CreationDate],[Update],
[Condition],[Title],[Brand],[Model],[Type],[Kilometer],[FabricationYear],[VIN],[FuelType],[Price],
[NegociablePrice],[Currency],[Color],[ColorType],[Power],[Transmission],[CubicCapacity],[EmissionClass],[Description])
VALUES('1ef378b5-6348-4d96-94f5-d9b398b981da','FE1B7EFD-571A-DEAA-4513-DB413054A827','f3db1923-08e5-4573-a36c-e1b5efbbc66c',
158,'1','1','2017-05-10T13:23:38-07:00','2017-05-10T13:23:38-07:00','New','Mercedes Benz e klase','Mercedes Benz','e 220','sedan',
203000,2015,'WDDKK7CF6BF088425','Petrol',21000,'1','EUR','Blue','Metalic',205,'Automatic',2200,'Euro6','Descriere Vehicul de test');

INSERT INTO [Pictures]([PictureID], [Picture])
VALUES('67b53930-d95d-4ffb-8c63-1ad3e5f10835',0x21232F297A57A5A743894A0E4A801FC3);

INSERT INTO [UsersPictures]([UserID],[PictureID])
VALUES('561FC9B6-74AB-D604-337F-3D83F8504E01','67b53930-d95d-4ffb-8c63-1ad3e5f10835');

INSERT INTO [Pictures]([PictureID], [Picture])
VALUES('eb203afa-8879-41b6-82da-118e81225e37',0x21232F297A57A5A743894A0E4A801FC3);

INSERT INTO [UsersPictures]([UserID],[PictureID])
VALUES('E5C24E7A-A819-1E62-E37C-0700402A1B8C','eb203afa-8879-41b6-82da-118e81225e37');

INSERT INTO [Pictures]([PictureID], [Picture])
VALUES('b9f01c51-feb0-4dab-b6d5-aff0752b0fb1',0x21232F297A57A5A743894A0E4A801FC3);
INSERT INTO [Pictures]([PictureID], [Picture])
VALUES('0e32b5d1-842f-4811-b0f0-085b77d72c31',0x21232F297A57A5A743894A0E4A801FC3);
INSERT INTO [Pictures]([PictureID], [Picture])
VALUES('e36537f6-f37b-4cdb-ba8b-daa5ee67774b',0x21232F297A57A5A743894A0E4A801FC3);
INSERT INTO [Pictures]([PictureID], [Picture])
VALUES('8bfbfabb-c613-43fb-839f-577b6fa2b704',0x21232F297A57A5A743894A0E4A801FC3);

INSERT INTO [CarsAnnoucementsPictures]([PictureID],[AnnoucementsID],[PrimaryPicture])
VALUES('b9f01c51-feb0-4dab-b6d5-aff0752b0fb1','9E5060AB-E64C-4E3A-DC3F-5C5B627FB6C2',1);
INSERT INTO [CarsAnnoucementsPictures]([PictureID],[AnnoucementsID])
VALUES('0e32b5d1-842f-4811-b0f0-085b77d72c31','9E5060AB-E64C-4E3A-DC3F-5C5B627FB6C2');
INSERT INTO [CarsAnnoucementsPictures]([PictureID],[AnnoucementsID])
VALUES('e36537f6-f37b-4cdb-ba8b-daa5ee67774b','9E5060AB-E64C-4E3A-DC3F-5C5B627FB6C2');
INSERT INTO [CarsAnnoucementsPictures]([PictureID],[AnnoucementsID])
VALUES('8bfbfabb-c613-43fb-839f-577b6fa2b704','9E5060AB-E64C-4E3A-DC3F-5C5B627FB6C2');


INSERT INTO [MessageImbox]([MessageID],[UserID],[ReciverID],[CreationDate],[Read],[MesageContent])
VALUES('de34d3a8-f91e-4de9-9257-914054d24169','FE1B7EFD-571A-DEAA-4513-DB413054A827','D6877042-4394-7D9C-0790-1F4BC4A88722','2017-08-10T13:22:18-07:00','1','Mai este disponibil?');

INSERT INTO [MessageImbox]([MessageID],[UserID],[ReciverID],[CreationDate],[Read],[MesageContent])
VALUES('c7938e36-5beb-4102-bf87-64607d667c31','FE1B7EFD-571A-DEAA-4513-DB413054A827','D6877042-4394-7D9C-0790-1F4BC4A88722','2017-08-10T13:22:30-07:00','1','Ultimul pret?');

INSERT INTO [MessageImbox]([MessageID],[UserID],[ReciverID],[CreationDate],[Read],[MesageContent])
VALUES('e14bfae2-d9ff-4093-90a5-bf98d3c2cb6e','FE1B7EFD-571A-DEAA-4513-DB413054A827','D6877042-4394-7D9C-0790-1F4BC4A88722','2017-09-10T13:20:18-07:00','1','perfect');

INSERT INTO [MessageImbox]([MessageID],[UserID],[ReciverID],[CreationDate],[Read],[MesageContent])
VALUES('a4088423-34a0-41b4-adb5-e179fe73dce7','D6877042-4394-7D9C-0790-1F4BC4A88722','FE1B7EFD-571A-DEAA-4513-DB413054A827','2017-08-10T13:22:20-07:00','1','da');

INSERT INTO [MessageImbox]([MessageID],[UserID],[ReciverID],[CreationDate],[Read],[MesageContent])
VALUES('39cb476f-6242-4959-83fd-ef9dde8c258e','D6877042-4394-7D9C-0790-1F4BC4A88722','FE1B7EFD-571A-DEAA-4513-DB413054A827','2017-08-10T13:22:50-07:00','1','43215 euro');

INSERT INTO [MessageImbox]([MessageID],[UserID],[ReciverID],[CreationDate],[Read],[MesageContent])
VALUES('aa2cf911-3c8a-429e-b907-eadbc82d3fca','D6877042-4394-7D9C-0790-1F4BC4A88722','FE1B7EFD-571A-DEAA-4513-DB413054A827','2017-09-10T13:22:18-07:00','','ok');

-- View the UserName Password and Email of all user
--SELECT [UserName], [Password], [Email], [City] FROM [Users];

-- The duplicate value does not exist in this table, The DISTINC statement return only distinct (different) values
--SELECT DISTINCT [UserName] FROM [Users];

-- Get the number of users that have announcements
--SELECT COUNT (DISTINCT [UserID]) FROM [CarsAnnoucements];

-- Get the car announcements order ascending by the price
--SELECT [Title], [Price] FROM [CarsAnnoucements] ORDER BY [Price] ASC;

-- Get the car announcements order descending by the price where the announce is active
--SELECT [Title], [Price], [Currency] FROM [CarsAnnoucements]  WHERE [Active] = 'YES' ORDER BY [Price] DESC;

-- Get the car announcements order ascending by the price where the announce is active and the prise is 25000 max
--SELECT [Title], [Price], [Currency] FROM [CarsAnnoucements]  WHERE [Active] = 'YES' AND [Price] <= 25000  ORDER BY [Price] ASC;

-- Get the car announcements where Amg is in the title
--SELECT [Title], [Brand], [Model], [Type], [Kilometer], [Price] FROM [CarsAnnoucements] WHERE [Title] LIKE '%AMG%';

-- Get the users that have an announcement
--SELECT u.[UserName], u.[City], a.[UserID], a.[Title]
--FROM [Users] u
--	INNER JOIN [CarsAnnoucements] a ON a.[UserID]= u.[UserID];

-- Get all the users that have an announcement or not, the Left Join receive all the data in the left table
--SELECT u.[UserName], u.[City], a.[UserID], a.[Title]
--FROM [Users] u
--	LEFT JOIN [CarsAnnoucements] a ON a.[UserID]= u.[UserID];

-- Get the number of Announcements group by the city
--SELECT u.[City], COUNT(a.[UserID]) AS NumarAnunturi
--FROM [Users] u
--	INNER JOIN [CarsAnnoucements] a ON a.[UserID]= u.[UserID]
--GROUP BY u.[City];

-- Get the number of Announcements group by the city bigger than 2
--SELECT u.[City], COUNT(a.[UserID]) AS NumarAnunturi
--FROM [Users] u
--	INNER JOIN [CarsAnnoucements] a ON a.[UserID]= u.[UserID]
--GROUP BY u.[City]
--HAVING COUNT(u.[City]) > 2;

--Get all the users that have an announcement or not, the Right Join receive all the data in the right table but we don't have announcements without a user
--SELECT u.[UserName], u.[City], a.[UserID], a.[Title]
--FROM [Users] u
--	RIGHT JOIN [CarsAnnoucements] a ON a.[UserID]= u.[UserID];

--Get all the data in the Joined tables
--SELECT u.[UserName], u.[City], a.[UserID], a.[Title]
--FROM [Users] u
--	FULL OUTER JOIN [CarsAnnoucements] a ON a.[UserID]= u.[UserID]
--ORDER BY a.[Price] DESC;

--Get the top 3 announcements order by price
--SELECT TOP 3 u.[UserName], u.[City], a.[UserID], a.[Title], a.Price
--FROM [Users] u
--	FULL OUTER JOIN [CarsAnnoucements] a ON a.[UserID]= u.[UserID]
--ORDER BY a.[Price] DESC;

--Just for an example use a Self Join 
--SELECT A.[UserName] AS User1, B.[UserName] AS User2, A.[City]
--FROM [Users] A, [Users] B
--WHERE A.[UserID] <> B.[UserID]
--AND A.[County] = 'Hunedoara' AND A.[County] = B.[County]
--ORDER BY A.[County];

--UPDATE [Users]
--SET [Password] = 'noua_parola123'
--WHERE [UserID] = '561FC9B6-74AB-D604-337F-3D83F8504E01';
